FILENAMES, FILEPATHS

0.html, D:/CST/0.html
1.html, D:/CST/1.html
2.html, D:/CST/2.html
3.html, D:/CST/3.html
4.html, D:/CST/4.html
carousal.html, D:/CST/Bootstrap/carousal.html
bootstrap.css, D:/CST/Bootstrap/css/bootstrap.css
style.css, D:/CST/Bootstrap/css/style.css
grid.html, D:/CST/Bootstrap/grid.html
bg.jpg, D:/CST/Bootstrap/img/bg.jpg
creature_blue.png, D:/CST/Bootstrap/img/creature_blue.png
crossovercable.jpg, D:/CST/Bootstrap/img/crossovercable.jpg
f1.jpg, D:/CST/Bootstrap/img/f1.jpg
f2.jpg, D:/CST/Bootstrap/img/f2.jpg
f3.jpg, D:/CST/Bootstrap/img/f3.jpg
logo.jpg, D:/CST/Bootstrap/img/logo.jpg
map.jpg, D:/CST/Bootstrap/img/map.jpg
Stephen_Hawking.jpg, D:/CST/Bootstrap/img/Stephen_Hawking.jpg
straightcable.jpg, D:/CST/Bootstrap/img/straightcable.jpg
bootstrap.js, D:/CST/Bootstrap/js/bootstrap.js
jquery.js, D:/CST/Bootstrap/js/jquery.js
nav.html, D:/CST/Bootstrap/nav.html
profile.html, D:/CST/Bootstrap/profile.html
q1.html, D:/CST/DOM Questions/5-04-18/q1.html
q2.html, D:/CST/DOM Questions/5-04-18/q2.html
q1.html, D:/CST/DOM Questions/q1.html
q2.html, D:/CST/DOM Questions/q2.html
q3.html, D:/CST/DOM Questions/q3.html
dom_nodes.html, D:/CST/dom_nodes.html
empty.html, D:/CST/empty.html
error.html, D:/CST/error.html
exp15.html, D:/CST/exp15.html
extra_tags.html, D:/CST/extra_tags.html
ex_1.html, D:/CST/ex_1.html
ex_2.html, D:/CST/ex_2.html
fibonacci.html, D:/CST/fibonacci.html
fibonacci.js, D:/CST/fibonacci.js
forms.html, D:/CST/forms.html
form_input.html, D:/CST/form_input.html
form_js.js, D:/CST/form_js.js
form_result.html, D:/CST/form_result.html
form_validation.html, D:/CST/form_validation.html
frames.html, D:/CST/frames.html
frame_st.html, D:/CST/frame_st.html
heading.html, D:/CST/heading.html
heading_para.html, D:/CST/heading_para.html
15692661312063511502, D:/CST/HTML DOM Element Objects_files/15692661312063511502
1799820515702370930, D:/CST/HTML DOM Element Objects_files/1799820515702370930
5350830344212215035, D:/CST/HTML DOM Element Objects_files/5350830344212215035
6451006380048465199, D:/CST/HTML DOM Element Objects_files/6451006380048465199
analytics.js.download, D:/CST/HTML DOM Element Objects_files/analytics.js.download
async-ads.js.download, D:/CST/HTML DOM Element Objects_files/async-ads.js.download
browserref.css, D:/CST/HTML DOM Element Objects_files/browserref.css
cleardot.gif, D:/CST/HTML DOM Element Objects_files/cleardot.gif
colorpicker.gif, D:/CST/HTML DOM Element Objects_files/colorpicker.gif
cse.js.download, D:/CST/HTML DOM Element Objects_files/cse.js.download
default+en.css, D:/CST/HTML DOM Element Objects_files/default+en.css
default+en.I.js.download, D:/CST/HTML DOM Element Objects_files/default+en.I.js.download
default.css, D:/CST/HTML DOM Element Objects_files/default.css
element.js.download, D:/CST/HTML DOM Element Objects_files/element.js.download
element_main.js.download, D:/CST/HTML DOM Element Objects_files/element_main.js.download
gpt.js.download, D:/CST/HTML DOM Element Objects_files/gpt.js.download
integrator.js(1).download, D:/CST/HTML DOM Element Objects_files/integrator.js(1).download
integrator.js.download, D:/CST/HTML DOM Element Objects_files/integrator.js.download
jsapi, D:/CST/HTML DOM Element Objects_files/jsapi
l, D:/CST/HTML DOM Element Objects_files/l
l(1), D:/CST/HTML DOM Element Objects_files/l(1)
l(2), D:/CST/HTML DOM Element Objects_files/l(2)
main.js.download, D:/CST/HTML DOM Element Objects_files/main.js.download
m_window_focus_non_hydra.js.download, D:/CST/HTML DOM Element Objects_files/m_window_focus_non_hydra.js.download
osd.js.download, D:/CST/HTML DOM Element Objects_files/osd.js.download
osd_listener.js.download, D:/CST/HTML DOM Element Objects_files/osd_listener.js.download
pubads_impl_188.js.download, D:/CST/HTML DOM Element Objects_files/pubads_impl_188.js.download
pubads_impl_rendering_188.js.download, D:/CST/HTML DOM Element Objects_files/pubads_impl_rendering_188.js.download
saved_resource(1).html, D:/CST/HTML DOM Element Objects_files/saved_resource(1).html
saved_resource(2).html, D:/CST/HTML DOM Element Objects_files/saved_resource(2).html
saved_resource(3).html, D:/CST/HTML DOM Element Objects_files/saved_resource(3).html
saved_resource(4).html, D:/CST/HTML DOM Element Objects_files/saved_resource(4).html
saved_resource(5).html, D:/CST/HTML DOM Element Objects_files/saved_resource(5).html
saved_resource(6).html, D:/CST/HTML DOM Element Objects_files/saved_resource(6).html
saved_resource(7).html, D:/CST/HTML DOM Element Objects_files/saved_resource(7).html
saved_resource.html, D:/CST/HTML DOM Element Objects_files/saved_resource.html
translateelement.css, D:/CST/HTML DOM Element Objects_files/translateelement.css
translate_24dp.png, D:/CST/HTML DOM Element Objects_files/translate_24dp.png
w3.css, D:/CST/HTML DOM Element Objects_files/w3.css
w3schoolscom_gray.gif, D:/CST/HTML DOM Element Objects_files/w3schoolscom_gray.gif
w3schools_footer.js.download, D:/CST/HTML DOM Element Objects_files/w3schools_footer.js.download
html_tutorial.html, D:/CST/html_tutorial.html
imagedetails.html.html, D:/CST/imagedetails.html.html
bg.jpg, D:/CST/img/bg.jpg
creature_blue.png, D:/CST/img/creature_blue.png
crossovercable.jpg, D:/CST/img/crossovercable.jpg
logo.jpg, D:/CST/img/logo.jpg
map.jpg, D:/CST/img/map.jpg
Stephen_Hawking.jpg, D:/CST/img/Stephen_Hawking.jpg
straightcable.jpg, D:/CST/img/straightcable.jpg
innerhtml_value.html, D:/CST/innerhtml_value.html
OReilly_JavaScript_The_Good_Parts_May_2008.pdf, D:/CST/Javascript The good parts/OReilly_JavaScript_The_Good_Parts_May_2008.pdf
actions.html, D:/CST/jQuery/actions.html
bg.jpg, D:/CST/jQuery/img/bg.jpg
creature_blue.png, D:/CST/jQuery/img/creature_blue.png
crossovercable.jpg, D:/CST/jQuery/img/crossovercable.jpg
logo.jpg, D:/CST/jQuery/img/logo.jpg
map.jpg, D:/CST/jQuery/img/map.jpg
Stephen_Hawking.jpg, D:/CST/jQuery/img/Stephen_Hawking.jpg
straightcable.jpg, D:/CST/jQuery/img/straightcable.jpg
jquery.min.js, D:/CST/jQuery/js/lib/jquery.min.js
q1.html, D:/CST/jQuery/q1.html
q2.html, D:/CST/jQuery/q2.html
q3.html, D:/CST/jQuery/q3.html
q4.html, D:/CST/jQuery/q4.html
q5.html, D:/CST/jQuery/q5.html
js_first4.html, D:/CST/js_first4.html
CST-15to27.pdf, D:/CST/Lab File/CST-15to27.pdf
cst-16to27.docx, D:/CST/Lab File/cst-16to27.docx
cst-16to27.pdf, D:/CST/Lab File/cst-16to27.pdf
cst-28to32.pdf, D:/CST/Lab File/cst-28to32.pdf
lab1.html, D:/CST/lab1.html
lab10.html, D:/CST/lab10.html
lab101.html, D:/CST/lab101.html
lab11.html, D:/CST/lab11.html
lab12.html, D:/CST/lab12.html
lab13.html, D:/CST/lab13.html
lab14.html, D:/CST/lab14.html
lab14_iframe1.html, D:/CST/lab14_iframe1.html
lab14_iframe2.html, D:/CST/lab14_iframe2.html
lab14_iframe3.html, D:/CST/lab14_iframe3.html
lab2.html, D:/CST/lab2.html
lab20.html, D:/CST/lab20.html
lab3.html, D:/CST/lab3.html
lab30.html, D:/CST/lab30.html
lab4.html, D:/CST/lab4.html
lab40.html, D:/CST/lab40.html
lab5.html, D:/CST/lab5.html
lab50.html, D:/CST/lab50.html
lab50_next.html, D:/CST/lab50_next.html
lab6.html, D:/CST/lab6.html
lab60.html, D:/CST/lab60.html
lab7.html, D:/CST/lab7.html
lab7_next.html, D:/CST/lab7_next.html
lab8.html, D:/CST/lab8.html
lab8_next.html, D:/CST/lab8_next.html
lab9.html, D:/CST/lab9.html
labeval1_form2.html, D:/CST/labeval1_form2.html
labeval1_frame2.html, D:/CST/labeval1_frame2.html
labeval1_frame3.html, D:/CST/labeval1_frame3.html
labeval1_heading2.html, D:/CST/labeval1_heading2.html
labeval1_links2.html, D:/CST/labeval1_links2.html
labeval1_table1.html, D:/CST/labeval1_table1.html
labeval1_table2.html, D:/CST/labeval1_table2.html
link.css, D:/CST/link.css
list1.html, D:/CST/list1.html
logo.html, D:/CST/logo.html
ciao-adios.mp3, D:/CST/media/ciao-adios.mp3
faded.mp3, D:/CST/media/faded.mp3
mouseover.html, D:/CST/mouseover.html
mouseover.js, D:/CST/mouseover.js
styleHTML_tutorial.js, D:/CST/styleHTML_tutorial.js
table.html, D:/CST/table.html
table1.html, D:/CST/table1.html
table2.html, D:/CST/table2.html
table3.html, D:/CST/table3.html
table_form.html, D:/CST/table_form.html
tag_property.html, D:/CST/tag_property.html
thnkyou.html, D:/CST/thnkyou.html
tutorial1.html, D:/CST/tutorial1.html
tutorial2.html, D:/CST/tutorial2.html
tutorial3.html, D:/CST/tutorial3.html
